{
  "timestamp": "2026-02-17T14:49:39.575087",
  "parameters": {
    "penalty_values": [
      10000,
      15000,
      20000,
      25000
    ]
  },
  "results": [
    {
      "penalty": 10000,
      "overall_p1": 0.9328859060402684,
      "overall_p3": 0.978523489932886,
      "overall_mrr": 0.956398210290828,
      "overall_not_found": 10,
      "se_p1": 1.0,
      "se_p3": 1.0,
      "se_mrr": 1.0,
      "se_not_found": 0,
      "se_count": 20,
      "ser_p1": 1.0,
      "ser_p3": 1.0,
      "ser_mrr": 1.0,
      "ms_p1": 0.9785714285714285,
      "ms_p3": 0.9857142857142858,
      "ms_mrr": 0.9821428571428571,
      "ms_not_found": 2,
      "st_p1": 0.9933333333333333,
      "st_p3": 0.9933333333333333,
      "st_mrr": 0.9933333333333333,
      "pp_p1": 0.76,
      "pp_p3": 0.96,
      "pp_mrr": 0.8616666666666666,
      "build_time": 6.614332675933838,
      "eval_time": 22.60546326637268,
      "categories": {
        "single_tone": {
          "p1": 0.9933333333333333,
          "p3": 0.9933333333333333,
          "mrr": 0.9933333333333333,
          "not_found": 1,
          "count": 150
        },
        "single_no_tone": {
          "p1": 0.84,
          "p3": 1.0,
          "mrr": 0.9166666666666665,
          "not_found": 0,
          "count": 50
        },
        "multi_syllable": {
          "p1": 0.9785714285714285,
          "p3": 0.9857142857142858,
          "mrr": 0.9821428571428571,
          "not_found": 2,
          "count": 140
        },
        "cantonese_vocab": {
          "p1": 0.9833333333333333,
          "p3": 0.9833333333333333,
          "mrr": 0.9833333333333333,
          "not_found": 1,
          "count": 60
        },
        "partial_prefix": {
          "p1": 0.76,
          "p3": 0.96,
          "mrr": 0.8616666666666666,
          "not_found": 1,
          "count": 50
        },
        "english": {
          "p1": 0.9428571428571428,
          "p3": 1.0,
          "mrr": 0.9714285714285714,
          "not_found": 0,
          "count": 70
        },
        "character": {
          "p1": 0.9555555555555556,
          "p3": 1.0,
          "mrr": 0.9777777777777777,
          "not_found": 0,
          "count": 45
        },
        "edge_case": {
          "p1": 0.7428571428571429,
          "p3": 0.8857142857142857,
          "mrr": 0.8219047619047619,
          "not_found": 2,
          "count": 35
        },
        "exact_vs_prefix": {
          "p1": 0.9333333333333333,
          "p3": 0.9555555555555556,
          "mrr": 0.9466666666666667,
          "not_found": 3,
          "count": 90
        },
        "ccanto_boost": {
          "p1": 0.8666666666666667,
          "p3": 0.9333333333333333,
          "mrr": 0.9044444444444444,
          "not_found": 0,
          "count": 30
        },
        "shorter_entry": {
          "p1": 1.0,
          "p3": 1.0,
          "mrr": 1.0,
          "not_found": 0,
          "count": 20
        },
        "shorter_entry_regression": {
          "p1": 1.0,
          "p3": 1.0,
          "mrr": 1.0,
          "not_found": 0,
          "count": 5
        }
      }
    },
    {
      "penalty": 15000,
      "overall_p1": 0.9328859060402684,
      "overall_p3": 0.9771812080536912,
      "overall_mrr": 0.9559507829977631,
      "overall_not_found": 11,
      "se_p1": 1.0,
      "se_p3": 1.0,
      "se_mrr": 1.0,
      "se_not_found": 0,
      "se_count": 20,
      "ser_p1": 1.0,
      "ser_p3": 1.0,
      "ser_mrr": 1.0,
      "ms_p1": 0.9785714285714285,
      "ms_p3": 0.9857142857142858,
      "ms_mrr": 0.9821428571428571,
      "ms_not_found": 2,
      "st_p1": 0.9933333333333333,
      "st_p3": 0.9933333333333333,
      "st_mrr": 0.9933333333333333,
      "pp_p1": 0.76,
      "pp_p3": 0.96,
      "pp_mrr": 0.8616666666666666,
      "build_time": 2.892068862915039,
      "eval_time": 22.233508825302124,
      "categories": {
        "single_tone": {
          "p1": 0.9933333333333333,
          "p3": 0.9933333333333333,
          "mrr": 0.9933333333333333,
          "not_found": 1,
          "count": 150
        },
        "single_no_tone": {
          "p1": 0.84,
          "p3": 1.0,
          "mrr": 0.9166666666666665,
          "not_found": 0,
          "count": 50
        },
        "multi_syllable": {
          "p1": 0.9785714285714285,
          "p3": 0.9857142857142858,
          "mrr": 0.9821428571428571,
          "not_found": 2,
          "count": 140
        },
        "cantonese_vocab": {
          "p1": 0.9833333333333333,
          "p3": 0.9833333333333333,
          "mrr": 0.9833333333333333,
          "not_found": 1,
          "count": 60
        },
        "partial_prefix": {
          "p1": 0.76,
          "p3": 0.96,
          "mrr": 0.8616666666666666,
          "not_found": 1,
          "count": 50
        },
        "english": {
          "p1": 0.9428571428571428,
          "p3": 1.0,
          "mrr": 0.9714285714285714,
          "not_found": 0,
          "count": 70
        },
        "character": {
          "p1": 0.9555555555555556,
          "p3": 1.0,
          "mrr": 0.9777777777777777,
          "not_found": 0,
          "count": 45
        },
        "edge_case": {
          "p1": 0.7428571428571429,
          "p3": 0.8857142857142857,
          "mrr": 0.8219047619047619,
          "not_found": 2,
          "count": 35
        },
        "exact_vs_prefix": {
          "p1": 0.9333333333333333,
          "p3": 0.9555555555555556,
          "mrr": 0.9466666666666667,
          "not_found": 3,
          "count": 90
        },
        "ccanto_boost": {
          "p1": 0.8666666666666667,
          "p3": 0.9,
          "mrr": 0.8933333333333332,
          "not_found": 1,
          "count": 30
        },
        "shorter_entry": {
          "p1": 1.0,
          "p3": 1.0,
          "mrr": 1.0,
          "not_found": 0,
          "count": 20
        },
        "shorter_entry_regression": {
          "p1": 1.0,
          "p3": 1.0,
          "mrr": 1.0,
          "not_found": 0,
          "count": 5
        }
      }
    },
    {
      "penalty": 20000,
      "overall_p1": 0.9328859060402684,
      "overall_p3": 0.9771812080536912,
      "overall_mrr": 0.9559507829977631,
      "overall_not_found": 11,
      "se_p1": 1.0,
      "se_p3": 1.0,
      "se_mrr": 1.0,
      "se_not_found": 0,
      "se_count": 20,
      "ser_p1": 1.0,
      "ser_p3": 1.0,
      "ser_mrr": 1.0,
      "ms_p1": 0.9785714285714285,
      "ms_p3": 0.9857142857142858,
      "ms_mrr": 0.9821428571428571,
      "ms_not_found": 2,
      "st_p1": 0.9933333333333333,
      "st_p3": 0.9933333333333333,
      "st_mrr": 0.9933333333333333,
      "pp_p1": 0.76,
      "pp_p3": 0.96,
      "pp_mrr": 0.8616666666666666,
      "build_time": 2.9054784774780273,
      "eval_time": 21.759681940078735,
      "categories": {
        "single_tone": {
          "p1": 0.9933333333333333,
          "p3": 0.9933333333333333,
          "mrr": 0.9933333333333333,
          "not_found": 1,
          "count": 150
        },
        "single_no_tone": {
          "p1": 0.84,
          "p3": 1.0,
          "mrr": 0.9166666666666665,
          "not_found": 0,
          "count": 50
        },
        "multi_syllable": {
          "p1": 0.9785714285714285,
          "p3": 0.9857142857142858,
          "mrr": 0.9821428571428571,
          "not_found": 2,
          "count": 140
        },
        "cantonese_vocab": {
          "p1": 0.9833333333333333,
          "p3": 0.9833333333333333,
          "mrr": 0.9833333333333333,
          "not_found": 1,
          "count": 60
        },
        "partial_prefix": {
          "p1": 0.76,
          "p3": 0.96,
          "mrr": 0.8616666666666666,
          "not_found": 1,
          "count": 50
        },
        "english": {
          "p1": 0.9428571428571428,
          "p3": 1.0,
          "mrr": 0.9714285714285714,
          "not_found": 0,
          "count": 70
        },
        "character": {
          "p1": 0.9555555555555556,
          "p3": 1.0,