{
  "timestamp": "2026-02-17T16:24:11.289354",
  "parameters": {
    "penalty_values": [
      5000,
      8000,
      12000,
      16000,
      24000
    ]
  },
  "results": [
    {
      "penalty": 5000,
      "overall_p1": 0.8839050131926122,
      "overall_p3": 0.9709762532981531,
      "overall_mrr": 0.9270668425681619,
      "overall_not_found": 11,
      "tf_p1": 1.0,
      "tf_p3": 1.0,
      "tf_mrr": 1.0,
      "tf_not_found": 0,
      "tfr_p1": 1.0,
      "tfn_p1": 0.5,
      "ms_p1": 0.9571428571428572,
      "ms_mrr": 0.9654761904761904,
      "ms_not_found": 3,
      "st_p1": 0.8733333333333333,
      "st_mrr": 0.9211111111111109,
      "evp_p1": 0.7666666666666667,
      "evp_mrr": 0.8577777777777779,
      "build_time": 2.740856885910034,
      "eval_time": 21.734138011932373,
      "categories": {
        "single_tone": {
          "p1": 0.8733333333333333,
          "p3": 0.9666666666666667,
          "mrr": 0.9211111111111109,
          "not_found": 1,
          "count": 150
        },
        "single_no_tone": {
          "p1": 0.84,
          "p3": 1.0,
          "mrr": 0.9166666666666665,
          "not_found": 0,
          "count": 50
        },
        "multi_syllable": {
          "p1": 0.9571428571428572,
          "p3": 0.9785714285714285,
          "mrr": 0.9654761904761904,
          "not_found": 3,
          "count": 140
        },
        "cantonese_vocab": {
          "p1": 0.85,
          "p3": 0.9833333333333333,
          "mrr": 0.9069444444444446,
          "not_found": 0,
          "count": 60
        },
        "partial_prefix": {
          "p1": 0.94,
          "p3": 1.0,
          "mrr": 0.97,
          "not_found": 0,
          "count": 50
        },
        "english": {
          "p1": 0.9428571428571428,
          "p3": 1.0,
          "mrr": 0.9714285714285714,
          "not_found": 0,
          "count": 70
        },
        "character": {
          "p1": 0.9555555555555556,
          "p3": 1.0,
          "mrr": 0.9777777777777777,
          "not_found": 0,
          "count": 45
        },
        "edge_case": {
          "p1": 0.7142857142857143,
          "p3": 0.8857142857142857,
          "mrr": 0.8028571428571429,
          "not_found": 2,
          "count": 35
        },
        "exact_vs_prefix": {
          "p1": 0.7666666666666667,
          "p3": 0.9333333333333333,
          "mrr": 0.8577777777777779,
          "not_found": 3,
          "count": 90
        },
        "ccanto_boost": {
          "p1": 0.8666666666666667,
          "p3": 0.9,
          "mrr": 0.8888888888888888,
          "not_found": 2,
          "count": 30
        },
        "shorter_entry": {
          "p1": 1.0,
          "p3": 1.0,
          "mrr": 1.0,
          "not_found": 0,
          "count": 20
        },
        "shorter_entry_regression": {
          "p1": 0.8,
          "p3": 1.0,
          "mrr": 0.8666666666666668,
          "not_found": 0,
          "count": 5
        },
        "tone_fuzzy": {
          "p1": 1.0,
          "p3": 1.0,
          "mrr": 1.0,
          "not_found": 0,
          "count": 8
        },
        "tone_fuzzy_regression": {
          "p1": 1.0,
          "p3": 1.0,
          "mrr": 1.0,
          "not_found": 0,
          "count": 3
        },
        "tone_fuzzy_negative": {
          "p1": 0.5,
          "p3": 1.0,
          "mrr": 0.6666666666666666,
          "not_found": 0,
          "count": 2
        }
      }
    },
    {
      "penalty": 8000,
      "overall_p1": 0.9366754617414248,
      "overall_p3": 0.9802110817941952,
      "overall_mrr": 0.9585751978891821,
      "overall_not_found": 10,
      "tf_p1": 1.0,
      "tf_p3": 1.0,
      "tf_mrr": 1.0,
      "tf_not_found": 0,
      "tfr_p1": 1.0,
      "tfn_p1": 0.5,
      "ms_p1": 0.9571428571428572,
      "ms_mrr": 0.9654761904761904,
      "ms_not_found": 3,
      "st_p1": 0.9866666666666667,
      "st_mrr": 0.99,
      "evp_p1": 0.9333333333333333,
      "evp_mrr": 0.9466666666666667,
      "build_time": 3.4608724117279053,
      "eval_time": 21.883699655532837,
      "categories": {
        "single_tone": {
          "p1": 0.9866666666666667,
          "p3": 0.9933333333333333,
          "mrr": 0.99,
          "not_found": 1,
          "count": 150
        },
        "single_no_tone": {
          "p1": 0.84,
          "p3": 1.0,
          "mrr": 0.9166666666666665,
          "not_found": 0,
          "count": 50
        },
        "multi_syllable": {
          "p1": 0.9571428571428572,
          "p3": 0.9785714285714285,
          "mrr": 0.9654761904761904,
          "not_found": 3,
          "count": 140
        },
        "cantonese_vocab": {
          "p1": 0.9833333333333333,
          "p3": 1.0,
          "mrr": 0.9888888888888888,
          "not_found": 0,
          "count": 60
        },
        "partial_prefix": {
          "p1": 0.94,
          "p3": 1.0,
          "mrr": 0.97,
          "not_found": 0,
          "count": 50
        },
        "english": {
          "p1": 0.9428571428571428,
          "p3": 1.0,
          "mrr": 0.9714285714285714,
          "not_found": 0,
          "count": 70
        },
        "character": {
          "p1": 0.9555555555555556,
          "p3": 1.0,
          "mrr": 0.9777777777777777,
          "not_found": 0,
          "count": 45
        },
        "edge_case": {
          "p1": 0.7142857142857143,
          "p3": 0.8857142857142857,
          "mrr": 0.8076190476190476,
          "not_found": 2,
          "count": 35
        },
        "exact_vs_prefix": {
          "p1": 0.9333333333333333,
          "p3": 0.9555555555555556,
          "mrr": 0.9466666666666667,
          "not_found": 3,
          "count": 90
        },
        "ccanto_boost": {
          "p1": 0.8666666666666667,
          "p3": 0.9,
          "mrr": 0.8933333333333332,
          "not_found": 1,
          "count": 30
        },
        "shorter_entry": {
          "p1": 1.0,
          "p3": 1.0,
          "mrr": 1.0,
          "not_found": 0,
          "count": 20
        },
        "shorter_entry_regression": {
          "p1": 0.8,
          "p3": 1.0,
          "mrr": 0.9,
          "not_found": 0,
          "count": 5
        },
        "tone_fuzzy": {
          "p1": 1.0,
          "p3": 1.0,
          "mrr": 1.0,
          "not_found": 0,
          "count": 8
        },
        "tone_fuzzy_regression": {
          "p1": 1.0,
          "p3": 1.0,
          "mrr": 1.0,
          "not_found": 0,
          "count": 3
        },
        "tone_fuzzy_negative": {
          "p1": 0.5,
          "p3": 1.0,
          "mrr": 0.75,
          "not_found": 0,
          "count": 2
        }
      }
    },
    {
      "penalty": 12000,
      "overall_p1": 0.9406332453825857,
      "overall_p3": 0.9802110817941952,
      "overall_mrr": 0.960773966578716,
      "overall_not_found": 10,
      "tf_p1": 0.875,
      "tf_p3": 1.0,
      "tf_mrr": 0.9375,
      "tf_not_found": 0,
      "tfr_p1": 1.0,
      "tfn_p1": 1.0,
      "ms_p1": 0.9571428571428572,
      "ms_mrr": 0.9666666666666666,
      "ms_not_found": 3,
      "st_p1": 0.9933333333333333,
      "st_mrr": 0.9933333333333333,
      "evp_p1": 0.9333333333333333,
      "evp_mrr": 0.9466666666666667,
      "build_time": 4.017385482788086,
      "eval_time": 21.97988772392273,
      "categories": {
        "single_tone": {
          "p1": 0.9933333333333333,
          "p3": 0.9933333333333333,
          "mrr": 0.9933333333333333,
          "not_found": 1,
          "count": 150
        },
        "single_no_tone": {
          "p1": 0.84,
          "p3": 1.0,
          "mrr": 0.9166666666666665,
          "not_found": 0,
          "count": 50
        },
        "multi_syllable": {
          "p1": 0.9571428571428572,
          "p3": 0.9785714285714285,
          "mrr": 0.9666666666666666,
          "not_found": 3,
          "count": 140
        },
        "cantonese_vocab": {
          "p1": 0.9833333333333333,
          "p3": 1.0,
          "mrr": 0.9888888888888888,